{
  "dashboard": {
    "id": null,
    "title": "JARVIS WhatsApp Assistant Dashboard",
    "tags": ["jarvis", "whatsapp", "ai"],
    "timezone": "browser",
    "panels": [
      {
        "id": 1,
        "title": "Message Processing Rate",
        "type": "graph",
        "targets": [
          {
            "expr": "rate(jarvis_messages_processed_total[5m])",
            "legendFormat": "Messages/sec"
          }
        ],
        "yAxes": [
          {
            "label": "Messages per second"
          }
        ],
        "gridPos": {
          "h": 8,
          "w": 12,
          "x": 0,
          "y": 0
        }
      },
      {
        "id": 2,
        "title": "Response Time",
        "type": "graph",
        "targets": [
          {
            "expr": "histogram_quantile(0.95, rate(jarvis_response_time_seconds_bucket[5m]))",
            "legendFormat": "95th percentile"
          },
          {
            "expr": "histogram_quantile(0.50, rate(jarvis_response_time_seconds_bucket[5m]))",
            "legendFormat": "50th percentile"
          }
        ],
        "yAxes": [
          {
            "label": "Seconds"
          }
        ],
        "gridPos": {
          "h": 8,
          "w": 12,
          "x": 12,
          "y": 0
        }
      },
      {
        "id": 3,
        "title": "Active Users",
        "type": "singlestat",
        "targets": [
          {
            "expr": "jarvis_active_users",
            "legendFormat": "Active Users"
          }
        ],
        "gridPos": {
          "h": 4,
          "w": 6,
          "x": 0,
          "y": 8
        }
      },
      {
        "id": 4,
        "title": "Error Rate",
        "type": "singlestat",
        "targets": [
          {
            "expr": "rate(jarvis_errors_total[5m])",
            "legendFormat": "Errors/sec"
          }
        ],
        "gridPos": {
          "h": 4,
          "w": 6,
          "x": 6,
          "y": 8
        }
      },
      {
        "id": 5,
        "title": "Memory Usage",
        "type": "graph",
        "targets": [
          {
            "expr": "process_resident_memory_bytes{job=\"jarvis-backend\"}",
            "legendFormat": "Memory Usage"
          }
        ],
        "yAxes": [
          {
            "label": "Bytes"
          }
        ],
        "gridPos": {
          "h": 8,
          "w": 12,
          "x": 12,
          "y": 8
        }
      },
      {
        "id": 6,
        "title": "Intent Distribution",
        "type": "piechart",
        "targets": [
          {
            "expr": "jarvis_intents_total",
            "legendFormat": "{{intent}}"
          }
        ],
        "gridPos": {
          "h": 8,
          "w": 12,
          "x": 0,
          "y": 16
        }
      }
    ],
    "time": {
      "from": "now-1h",
      "to": "now"
    },
    "refresh": "30s"
  }
}
